INFORME MENSUAL DE PRODUCCION,,,,,,,,,,,,,,,,,,,,,,,,,,,,,,,,,,,,,,,,,,,,,,,,,,,,,,,,,,,,,,,,,,,,,,,,,,,,,,,,,,,,,,,,,,,,,
,,,Disponibilidad ,Rendimiento,Calidad,,, OEE NOVOFLEX ,,,,, 0.9599 , 0.8948 , 0.9016 ,,,,,,,,,,,,,,,,,,,,,,,,,,,,,,,,,,,,,,,,,,,,,,,,,,,,,,,,,,,,,,,,,,,,,,,,,,,,,,
NOVOFLEX,,,95.99%,89.48%,90.16%,,,77.44%,,,,,,,,,,,,,,,,,,,,,,,,,,,,,,,,,,,,,,,,,,,,,,,,,,,,,,,,,,,,,,,,,,,,,,,,,,,,,,,,,,,,,
MES:,MAYO,,,,,,,,,,,,,,,,,,,,, ,,,,,,,,,,,,,,,,,,,,,,,,,,,,,, ,,,,,,,,,,,,,,,,,,,,,,,,,,,,,,,,,,,,,,,,,
DIAS TRABAJADOS :  ,,22 Dias,"31,680",528.00 Horas,,,,,,,,,,,,,,,,,,,,,,,,,,,,,,,,,,,,,,,,,,,,,,,,,,,,,,,,,,,,,,,,,,,,,,,,,,,,,,,,,,,,,,,,,
PEDIDO,CODIGO DE MAQUINA,FECHA,CODIGO PRODUCTO,O/P,DESTINO,N° DE TRABAJOS,COMPAÑÍA,NOMBRE DEL CLIENTE,PRODUCTO,CLIENTE Kg,TIEMPO DE PARADAS EN MINUTOS,,,,,,,,,,,,,,,,,,TOTAL TIEMPO PARADAS  min.,TIEMPO EFECTIVO PRODUCCION  min.,TOTAL TIEMPO PRODUCCION  min.,DIAS TRABAJADOS,EFICIENCIA DE MAQUINA ,ENTRADA DE MATERIA PRIMA,,,,,,,,,,,,,,,,,SALIDA DE MATERIALES,,,,,,,,,,,,,,,,,,DATOS DE TINTA Kg.,,,VELOCIDAD m/min.,,DESPERDICIO,,,,,,,,OBSERVACIONES,,,,,,,,,,,
,,,,,,,,,,,PREPARACION,PRE-PRENSA,COLORIMETRIA,CALIDAD,MANTENIMIENTO,Limpieza general de Maquina,PLANIFICACION,LIMPIEZA DE PLANCHA,LIMPIEZA DE TAMBOR CENTRAL,LIMPIEZA DE RODILLO,PRODUCCION,PRUEBAS,LOGISTICA,FALLAS ELECT,APROBACIONES,ESTANDAR DE COLOR,RRHH,FALTA DE INSUMO/PEDIDO,,,,,,,,,,,,,,,,,,,,,,,,,,,,,,,,,,,,,,,,,,,,,,,,,,,,,,,,,,,,,,,,,
,,,,,,,,,,,,,,,,,,,,,,,,,,,,,,,,,,PELICULAS,,,,,TINTAS Kg,,,,,,,,,CONSUMO,SOLVENTE Lts,,PELICULA DEVOLUCION,,,TINTAS KG EN DEVOLUCION,,,,,,,,PRODUCTO TERMINADO,,,,,SOLVENTE Lts,,CONSUMO DE TINTA BLANCO,CONSUMO DE TINTA VARIAS,CONSUMO TOTAL,VELOCIDAD DE MAQUINA TEORICA ML/min.,VELOCIDAD DE MAQUINA REAL ML/min.,m/l,,m2,,Kg,,,,,,,,,,,,,,,
,,,,,,,,,,,,,,,,,,,,,,,,,,,,,,,,,,m/l,GRAMAJE g/m2,ANCHO mm,m2,Kg,# COLORES,BLANCO,AZUL REFLEX,MAGENTA,AMARILLO,CYAN,ROJO,OTRAS,TOTAL,,PRODUCCION,LIMPIEZA,m/l,m2,Kg,BLANCO,AZUL REFLEX,MAGENTA,AMARILLO,CYAN,ROJO,OTRAS,TOTAL,m/l,GRAMAJE g/m2,ANCHO mm,m2,Kg,PRODUCCION,LIMPIEZA,,,,,,,,,,,,,,,,,,,,,,,,,
,,,,,,,,,,,,,,,,,,,,,,,,,,,,,,,,,,,,,,,,,,,,,,,,,,,,,,,,,,,,,,m/l,,,,,,,,,,,,CANT,%,CANT,%,CANT,%,MAT. OBSERVACION,MAT. RECHAZADO,,Aplic Tinta Humeda,Tipo de Trabajo ,nº de pantone,M/L Estandar de Dsp,Metros de Dsp,Cumplimiento,metros op,Cumplimiento,material reciclado,Proveedor,Material
,,,,,,,,,,Trabajos Repetidos en el mes =>,,,,,,, ,,,,,,,,,,,,,,+,,,,,,,,,,,,,,,,,,,,,,,,,,,,,,,,,,,,,,,,,,,,,,,,,,,,,,,,,,,,,,
01-6114,NF,5/4/26,TMAPAL121A001,16642,LAMINACION,1,MCL,"ALIMENTOS POLAR COMERCIAL, C.A.",ALUMINIO LAMINADO IMPRESO MAVESA 500g,"3,050",50,0,20,40,490,0,0,90,0,0,100,0,0,0,0,0,0,0,790,245,"1,035",0.72,23.70%,"34,250",102,920,"31,510","3,229",7,173,20,16,0,0,0,273,482,"3,286.90",0,0,0,0,0.00,110,17,13,0,0,0,191,331," 31,232 ",103.69,920,"28,733.4","2,980",0,0,63,88,151,127.27,30.16,"3,018",9.66%,"2,776.6",9.66%,307.40,10.32%,0.00,0.00,"al sacar muestra se nota falla de impresión en color magenta, se cambia base porta raclas, es necesario recalibrar por falla del sistema de temperatura single, falla de calibracion estac 9, se realiza produccion a 150 m/m",5.26,REPETICION,2,3500,482,CUMPLE,"32,000",-768,0,QUIMATIC.SPA.IMP,ALUMINIO
01-6115,NF,5/5/26,TMAPAL121B001,16641,LAMINACION,1,MCL,"ALIMENTOS POLAR COMERCIAL, C.A.",ALUMINIO LAMINADO IMPRESO MAVESA 250 g,"3,590",45,0,35,20,160,0,0,95,15,0,20,0,0,0,0,0,0,0,390,330,720,0.50,45.83%,"36,130",103,1025,"37,033","3,750.00",7,132,20,22,0,0,0,193,367,"3,820.30",0,0,0,0,0.00,40,16,12,0,0,0,126,194," 33,231 ",103.41,"1,025","34,061.8","3,522",0,0,92,81,173,100.70,46.15,"2,899",8.72%,"2,971.5",8.72%,298.00,8.46%,0.00,0.00,"falla de impresión ejemplar lado guia de corte, se limpian en varias ocasiones las raclas",5.08,REPETICION,2,3500,601,0,"34,000",-769,1490,RETANA,ALUMINIO
01-6099,NF,5/5/26,TMASYY121A001,16440,LAMINACION,1,MCL,"ALIMENTOS SERIMAR, C.A.",ALUMINIO LAMINADO IMPRESO YOGURT YOLO ,370,55,0,30,20,200,0,0,20,0,0,75,0,25,0,70,0,0,0,495,30,525,0.36,5.71%,"3,100",103,1025,"3,178",327.00,4,40,0,0,0,0,0,42,0,337.40,0,0,0,0,0,27,0,0,0,0,0,29,56," 3,000 ",103.41,"1,025","3,075.0",318,0,0,13,13,26,100.00,5.71,100,3.33%,102.5,3.33%,19.40,6.10%,0.00,0.00,"Aprobacion, se realizan varios ajustes del color gris, ",8.46,APROBACION,1,3500,"3,400",0,"5,000","-2,000",0,RETANA,ALUMINIO
01-6091,NF,5/5/26,TMCMAL1190004,16643,LAMINACION,1,MCL,"COLOMURAL DE VENEZUELA, C.A",ALUMINIO LAMINADO SIN IMPRESIÓN,"5,000",20,30,0,10,20,0,0,0,0,16,10,0,0,0,0,0,0,0,106,324,430,0.30,75.35%,"41,800",103,1025,"42,845","4,466.50",1,0,0,0,0,0,0,190,190,"4,487.50",0,0,0,0,0.00,0,0,0,0,0,0,120,120," 41,396 ",103.02,"1,025","42,430.9","4,371",0,0,0,70,70,127.77,96.27,404,0.98%,414.1,0.98%,116.30,2.66%,0.00,0.00,se culmina sin novedad,1.65,REPETICION,0,3500,"3,096",CUMPLE,"40,000","1,396",0,RETANA,ALUMINIO
01-6116,NF,5/6/26,TXDNAP065C001,16646,LAMINACION,1,CX,"DISTRIBUIDORA NACIONAL 2000, C.A.",LAMINACION IMPRESA CAFÉ ANZOATEGUI PREMIUN 50g,"1,800",65,15,110,20,0,0,0,60,10,60,15,0,0,0,0,0,0,0,355,176,531,0.37,33.09%,"32,100",18,1000,"32,100",585.00,6,158,0,16,24,0,12,37,247,611.10,0,0,0,0,0.00,128,0,13,10,0,9,20,180," 29,000 ",18.83,"1,000","29,000.0",546.00,0,0,30,37,67,165.15,54.66,"3,100",10.69%,"3,100.0",10.69%,65.10,11.92%,0.00,0.00,"30 kg en el cuadre, 22 kg de dsp por taponamiento de anilox",2.31,REPETICION,1,3500,400,CUMPLE,"29,000",0,820,TELEPLASTIC,BOPP OCTH MATE
01-6096,NF,5/6/26,TMIBIM045A001,16637,LAMINACION,1,MCL,"INDUSTRIAS IBERIA, C.A.",LAMINACIÓN IMPRESA INFUSIÓN MANZANILLA ,500,75,0,20,20,10,0,0,5,0,0,0,0,0,0,0,0,0,0,130,80,210,0.15,38.04%,"16,679",22,940,"15,678",350.00,5,157,0,0,43,0,12,15,227,378.50,0,0,0,0,0.00,112,0,0,27,0,11,12,162," 14,008 ",26.47,940,"13,167.5",348.60,0,0,45,20,65,175.54,66.77,"2,671",19.07%,"2,510.7",19.07%,29.90,8.58%,0.00,0.00,"se sacan varias muestras para ajustar tono, se culmina sin novedad",4.94,REPETICION,2,3500,829,CUMPLE,"14,000",8,800,TELEPLASTIC,BOPP OCTS TRANSPARENTE
01-6093,NF,5/6/26,TMIBIV045A001,16634C1,LAMINACION,1,MCL,"INDUSTRIAS IBERIA, C.A.",LAMINACION IMPRESA INFUSION TE VERDE,400,30,0,15,10,55,0,0,10,0,0,0,0,0,0,0,0,0,0,120,65,185,0.13,35.17%,"10,650",22,940,"10,011",239.00,8,112,25,0,20,0,10,52,219,267.50,0,0,0,0,0.00,76,7,0,18,0,9,38,148," 9,750 ",24.88,940,"9,165.0",228.00,0,0,36,35,71,149.77,52.67,900,9.23%,846.0,9.23%,39.50,17.32%,0.00,0.00,"Diseño combinado,  problemas con el verde trama ocasionada por secado de la tinta, se realiza produccion a 220 m/m ",7.75,REPETICION,4,3500,"2,600",CUMPLE,"9,750",0,0,TELEPLASTIC,BOPP OCTS TRANSPARENTE
01-6095,NF,5/6/26,TMIBVM045A001,16634C1,LAMINACION,1,MCL,"INDUSTRIAS IBERIA, C.A.",LAMINACION IMPRESA INFUSION TE VERDE MENTA ,400,30,0,15,10,210,0,0,0,0,0,0,0,0,0,0,0,0,0,265,65,330,0.23,19.72%,"10,650",22,940,"10,011",239.00,8,76,0,0,18,0,9,46,149,264.50,0,0,0,0,0.00,40,0,0,16,0,8,24,88," 9,750 ",24.88,940,"9,165.0",228.00,0,0,36,25,61,149.77,29.54,900,9.23%,846.0,9.23%,36.50,16.01%,0.00,0.00,"Diseño combinado,  problemas con el verde trama ocasionada por secado de la tinta, se realiza produccion a 220 m/m ",6.66,REPETICION,0,3500,"2,600",CUMPLE,"9,750",0,0,TELEPLASTIC,BOPP OCTS TRANSPARENTE
01-6117,NF,5/6/26,TXDNBC065A001,16645,LAMINACION,0,CX,"DISTRIBUIDORA NACIONAL 2000, C.A.",LAMINACION IMPRESA BUEN CAFÉ PREMIUN 100g,0,80,100,0,20,0,0,0,0,0,0,0,0,30,0,0,0,0,0,230,0,230,0.16,0.00%,0,0,0,0,0.00,0,0,0,0,0,0,0,0,0,0.00,0,0,0,0,0.00,0,0,0,0,0,0,0,0,0,0.00,0,0.0,0.00,0,0,0,0,0,0.00,0.00,0,0.00%,0.0,0.00%,0.00,100.00%,0.00,0.00,se suspende trabajo debido a que habia combinacion de planchas nuevas con planchas viejas lo que genero diferencia de definicion de tramas y tonos,0.00,SUSPENDIDO,0,0,0,#N/A,0,0,0,,
01-6105,NF,5/7/26,TXGOJM030A001,16638C1,CORTE,1,CX,"GRUPO AW ORIENTAL,C.A",ETIQUETA IMPRESA JUSTY MANZANA 400 ML ,"3,000",55,0,0,0,85,0,30,65,20,0,35,0,25,0,90,15,0,0,420,589,"1,009",0.70,58.36%,"116,670",28,1010,"117,837","3,498.00",6,0,0,61,106,39,0,531,737,"3,589.20",0,0,0,0,0.00,0,0,31,53,23,0,326,433," 110,658 ",30.26,"1,010","111,764.6","3,382.00",0,0,0,304,304,188.00,109.71,"6,012",5.43%,"6,072.1",5.43%,207.20,6.13%,0.00,0.00,"Aprobacion, producto combinado, se realiza estandar de color,",2.72,APROBACION,1,3500,"-2,512",NO CUMPLE,"112,800","-2,142",0,TELEPLASTIC,BOPP POCT PERLADO 
01-6106,NF,5/7/26,TXGOJP030A001,16638C1,CORTE,1,CX,"GRUPO AW ORIENTAL,C.A",ETIQUETA IMPRESA JUSTY PERA 400 ML ,"2,000",55,0,0,0,100,0,0,80,20,0,35,0,20,0,90,15,0,0,415,392,807,0.56,48.60%,"77,780",28,1010,"78,558","2,332.00",6,0,0,30,53,16,0,205,304,"2,391.10",0,0,0,0,0.00,0,0,19,17,4,0,67,107," 73,655 ",30.26,"1,010","74,391.6","2,251.10",0,0,0,197,197,187.70,91.22,"4,125",5.60%,"4,166.3",5.60%,140.00,6.22%,0.00,0.00,"Aprobacion, producto combinado, se realiza estandar de color,",2.65,REPETICION,1,3500,-625,NO CUMPLE,"75,200","-1,545",0,TELEPLASTIC,BOPP POCT PERLADO 
01-6117,NF,5/8/26,TXDNBC065A001,16645,LAMINACION,1,CX,"DISTRIBUIDORA NACIONAL 2000, C.A.",LAMINACION IMPRESA BUEN CAFÉ PREMIUN 100g,"1,700",100,0,35,20,0,0,0,0,0,0,120,0,0,0,0,0,0,0,275,155,430,0.30,36.11%,"29,260",18,1000,"29,260",555.00,6,220,0,35,25,19,12,24,335,593.10,0,0,0,0,0.00,184,0,14,12,5,11,6,232," 19,812 ",19.63,"1,000","19,812.0",389.00,0,0,36,67,103,127.49,46.03,"9,448",47.69%,"9,448.0",47.69%,204.10,52.47%,0.00,0.00,"se repone bobina 3 de  140kg ya que presenta sucio en el color negro, ",5.20,REPETICION,1,3500,"-5,948",NO CUMPLE,"19,500",312,0,TELEPLASTIC,BOPP OCTH MATE
01-6125,NF,5/8/26,TXPCGP023A001,16669,CORTE,0,CX,"PEPSI-COLA VENEZUELA, C.A. ",ETIQUETA IMPRESA GOLDEN PIÑA 1L,0,0,0,0,0,480,0,0,0,0,0,0,0,0,0,0,0,0,60,540,0,540,0.38,0.00%,0,0,0,0,0.00,0,0.00,0,0.00,0,0.00,0,0.00,0,0.00,0,0.00,0,0.00,0,0.00,0,0.00,0,0.00,0,0.00,0,0.00,0.00,0.00,0,0.00,0,0,0,0,0,0.00,0.00,0,0.00%,0.0,0.00%,0.00,100.00%,0.00,0.00,se suspende trabajo por colision de estacion 1 dañando plancha de color negro en dos acasiones ,0.00,SUSPENDIDO,0,0,0,0,0,0,0,,
000lm,NF,5/8/26,000LM,000LM,LIMPIEZA,0,CX,LIMPIEZA GENERAL DE MAQUINA,LIMPIEZA GENERAL DE MAQUINA,0,0,0,0,0,0,420,0,0,0,0,0,0,0,0,0,0,0,0,420,0,420,0.29,0.00%,0,0,0,0,0.00,0,0.00,0,0.00,0,0.00,0,0.00,0,0.00,0,0.00,0,0.00,0,0.00,0,0.00,0,0.00,0,0.00,0,0.00,0.00,0.00,0,0.00,0,0.00,0,0,0,0.00,0.00,0.00,0,0.00,0,0.00,0,0.00,0,Se realiza limpieza general de maquina,0.00,LIMPIEZA,0,0,0,0,0,0,0,,
01-6125,NF,5/8/26,TXPCGP023A001,16669,CORTE,1,CX,"PEPSI-COLA VENEZUELA, C.A. ",ETIQUETA IMPRESA GOLDEN PIÑA 1L,850,45,40,25,40,85,0,0,50,0,0,40,0,10,0,0,0,0,0,335,240,575,0.40,41.74%,40800,21,1010,"41,208",900.00,6,0,49,0,39,0,16,105,209,939.00,0,0,0,0,0.00,0,11,0,9,0,14,45,79," 34,633 ",22.73,"1,010","34,979.3",795.10,0,0,0,130,130,144.30,60.23,"6,167",17.81%,"6,228.7",17.81%,143.90,18.10%,0.00,0.00,"defecto en plancha color amarillo genera 22 kg de dsp, primera bobina sale con un tono amarillo fuerte pero dentro del estandar, se limpia color negro en varias ocasiones",3.72,REPETICION,4,3500,"-2,667",NO CUMPLE,"39,000","-4,367",1200,OPPFILM,BOPP PC PERLADO
01-6126,NF,5/8/26,TXPCGM023C001,16673,CORTE,1,CX,"PEPSI-COLA VENEZUELA, C.A. ",ETIQUETA IMPRESA GOLDEN MANZANA 2L,"1,010",75,0,120,20,25,0,,60,10,0,75,0,0,0,0,0,0,0,385,285,670,0.47,42.54%,53200,21,1010,"53,732","1,172.00",7,0,55,0,0,0,15,250,320,"1,227.50",0,0,0,0,0.00,0,28,0,0,0,13,94,135," 43,900 ",22.56,"1,010","44,339.0","1,000.30",0,0,0,185,185,154.04,65.52,"9,300",21.18%,"9,393.0",21.18%,227.20,22.71%,0.00,0.00,"se observa fuera de registros en corte 8,9,10,11, sucio de color negro, ",4.17,REPETICION,5,3500,"-5,800",NO CUMPLE,"47,000","-3,100",1300,OPPFILM,BOPP PC PERLADO
01-6124,NF,5/11/26,TXPCGK023A001,16672,CORTE,1,CX,"PEPSI-COLA VENEZUELA, C.A. ",ETIQUETA IMPRESA GOLDEN KOLITA 1L,540,65,30,75,20,0,0,0,20,0,0,35,0,0,0,0,0,0,0,245,130,375,0.26,34.70%,27100,21,1010,"27,371",607.00,6,0,35,0,0,0,68,198,301,631.30,0,0,0,0,0.00,0,24,0,0,0,29,167,220," 23,265 ",23.10,"1,010","23,497.7",542.80,0,0,0,81,81,178.69,62.01,"3,835",16.48%,"3,873.3",16.48%,88.50,16.30%,0.00,0.00,"tonalidad de azul rey muy baja, paradas para limpiar color negro, 0",3.45,REPETICION,4,3500,-335,NO CUMPLE,"24,500","-1,235",1000,TELEPLASTIC,BOPP POCT PERLADO 
01-6123,NF,5/12/26,TXPCGU023A001,16671,CORTE,1,CX,"PEPSI-COLA VENEZUELA, C.A. ",ETIQUETA IMPRESA GOLDEN UVA 2L,540,100,0,65,20,0,0,0,20,15,0,75,0,0,0,0,0,0,0,295,125,420,0.29,29.83%,"29,350",21,1010,"29,644",644.00,7,0,36,0,0,0,12,233,281,672.80,0,0,0,0,0.00,0,20,0,0,0,10,155,185," 21,534 ",23.31,"1,010","21,749.3",507.00,0,0,0,96,96,171.72,51.22,"7,816",36.30%,"7,894.2",36.30%,165.80,32.70%,0.00,0.00,"se arranca con notificacion de falla por sombra en el texto, se compensan registros, sucio en trama color violeta ",4.41,REPETICION,5,3500,"-4,316",NO CUMPLE,"23,500","-1,966",1200,TELEPLASTIC,BOPP POCT PERLADO 
01-6122,NF,5/12/26,TXPCPL023A002,16670,CORTE,1,CX,"PEPSI-COLA VENEZUELA, C.A. ",ETIQUETA IMPRESA PEPSI LIGHT 2L,530,75,0,430,0,30,0,0,10,10,0,275,0,35,0,0,0,0,0,865,195,"1,060",0.74,18.40%,"27,200",21,1010,"27,472",609.00,6,0,12,0,0,0,14,242,268,652.20,0,0,0,0,0.00,0,9,0,0,0,11,104,124," 22,374 ",21.32,"1,010","22,597.7",481.80,0,0,0,144,144,114.74,21.11,"4,826",21.57%,"4,874.3",21.57%,170.40,35.37%,0.00,0.00,"copiado del color gris plata oscuro, se cambia de estacion , se cambian raclas, se lava anilox, se realizan varias pruebas con velocidad, se enjuagan bombas, se arranca con notificacion de falla ",6.37,REPETICION,4,3500,"-1,326",NO CUMPLE,"23,500","-1,126",980,BOPP.DEL.ECUADOR,BOPP PC PERLADO
11-0130,NF,5/13/26,TXTFCA036C001,16665,LAMINACION,1,CX,"INVERSIONES TORREFACCION DEL CAFÉ, C.A",LAMINACION IMPRESA CAFÉ AMANECER MOLIDO GOURMET 100g ,"4,528",110,10,160,40,15,0,0,105,25,20,130,0,0,0,0,0,0,0,615,725,"1,340",0.93,54.12%,"119,637",18,1090,"130,404","2,369.50",6,517,0,0,31,0,0,539,"1,087","2,663.80",0,0,0,0,0.00,106,0,0,15,0,0,259,380," 111,731 ",20.08,"1,090","121,786.8","2,445.50",0,0,411,296,707,154.03,83.36,"7,906",7.08%,"8,617.5",7.08%,218.30,8.93%,0.00,0.00,"se realiza produccion a 180 m/m ya que a mayor velocidad se nota golpeteo del color marron C.B, se realiza limpieza por sucio en el blanco y los dos marrones, problemas de rayas en anilox",5.81,REPETICION,5,3500,"-4,406",NO CUMPLE,"115,000","-3,269",1090,TELEPLASTIC,BOPP OCTH MATE
01-6132,NF,5/14/26,TXAJBC031A001,16678,LAMINACION,1,CX,"AJEVEN, C.A.",ETIQUETA LAMINADA IMPRESA BIG COLA 2 L,260,40,0,0,20,0,0,0,0,0,0,0,0,0,0,245,110,0,0,415,35,450,0.31,7.86%,"9,461",14,1090,"10,312",189.20,3,106,0,0,0,0,37,22,165,216.50,0,0,0,0,0.00,70,0,0,0,0,10,18,98," 7,824 ",15.33,"1,090","8,528.2",130.70,0,0,36,31,67,221.02,17.37,"1,637",20.92%,"1,784.3",20.92%,85.80,65.65%,0.00,0.00,"Aprobacion, se reaoiza estandar de color ",7.86,APROBACION,0,3500,"1,863",CUMPLE,"6,600","1,224",550,OPPFILM,BOPP SC TRANSPARENTE
000pr,NF,5/14/26,000pr,000pr,PRUEBA,0,CX,PRUEBAS,PRUEBAS VARIAS,0,85,50,0,0,20,0,0,0,20,0,10,195,0,0,0,120,0,0,500,0,500,0.35,0.00%,"7,419",18,1090,"8,087",147.00,8,,,,,,,,0,147.00,0,0,0,0,0.00,,,,,,,,0," 2,000 ",20.17,"1,090","2,180.0",43.98,0,0,0,0,0,0.00,4.00,"5,419",270.95%,"5,906.7",270.95%,103.02,234.24%,0.00,0.00,"Produccion para aprobar estandar,",0.00,PRUEBA,0,0,"-5,419",0,0,0,0,,
21-0571,NF,5/14/26,TXNVCL096A004,16611,LAMINACION,1,CX,"NESTLE VENEZUELA, S.A.",LAMINACION IMPRESA CERELAC 100g,"1,100",80,15,25,20,0,0,0,20,0,0,20,0,0,0,0,0,0,0,180,80,260,0.18,30.72%,"16,000",18,790,"12,640",230.00,7,200,13,19,20,17,0,32,301,251.90,0,0,0,0,0.00,170,11,15,12,15,0,25,248," 13,806 ",20.51,790,"10,906.7",223.70,0,0,30,23,53,173.01,53.14,"2,194",15.89%,"1,733.3",15.89%,28.20,12.61%,0.00,0.00,se culmina sin novedad,4.86,REPETICION,1,3500,"1,306",CUMPLE,"15,000","-1,194",1200,TELEPLASTIC,BOPP OCTS TRANSPARENTE
21-0553,NF,5/14/26,TXNVCL096C004,16607-1,LAMINACION,1,CX,"NESTLE VENEZUELA, S.A.",LAMINACION IMPRESA CERELAC 400g,"3,000",45,210,285,20,160,0,0,170,20,0,95,0,0,0,0,0,0,0,"1,005",176,"1,181",0.82,14.89%,"41,400",18,1090,"45,126",839.50,7,370,16,22,28,28,0,39,503,924.10,0,0,0,0,0.00,235,8,7,14,20,0,27,311," 28,900 ",20.13,"1,090","31,501.0",634.00,0,0,135,57,192,164.39,24.47,"12,500",43.25%,"13,625.0",43.25%,290.10,45.76%,0.00,0.00,"al sacar muestra se visualiza perdida de ptos plancha color magenta, se realiza placha nueva, variacion de tono en el color magenta, cada 3000m se realiza parada verificando tono y limpiando planchas color magenta y negro, ",6.10,REPETICION,1,3500,"-9,000",NO CUMPLE,"33,000","-4,100",1200,OPPFILM,BOPP SC TRANSPARENTE
21-0553,NF,5/14/26,TXNVCL096C004,16654,LAMINACION,0,CX,"NESTLE VENEZUELA, S.A.",LAMINACION IMPRESA CERELAC 400g,"1,100",0,0,0,0,0,0,0,40,0,0,0,0,0,0,0,0,0,0,40,60,100,0.07,60.00%,"11,330",18,1090,"12,350",225.00,7,235,8,7,14,20,0,27,311,253.70,0,0,0,0,0.00,189,6,2,10,17,0,22,246," 11,325 ",20.54,"1,090","12,344.3",253.50,0,0,46,19,65,188.75,113.25,5,0.04%,5.5,0.04%,0.20,0.08%,0.00,0.00,se culmina sin novedad,5.27,CONTINUACION,0,3500,"3,495",CUMPLE,"11,000",325,0,OPPFILM,BOPP SC TRANSPARENTE
000lm,NF,5/14/26,000LM,000lm,LIMPIEZA,0,CX,LIMPIEZA GENERAL DE MAQUINA,LIMPIEZA GENERAL DE MAQUINA,0,0,0,0,0,0,259.8,0,0,0,0,0,0,0,0,0,0,0,0,260,0,260,0.18,0.00%,0,0,0,0,0,0,0,0,0,0,0,0,0,0,0,0,0,0,0,0,0,0,0,0,0,0,0,0,0,0,0,0,0,0,0,0,0,0,0,0,0,0,0,0,0,0,0,0,Se realiza limpieza general de maquina,0.00,LIMPIEZA,0,0,0,0,0,0,0,,
21-0576,NF,5/18/26,TXNVNA096A001,16648,LAMINACION,1,CX,"NESTLE VENEZUELA, S.A.",LAMINACION IMPRESA NESTUM ARROZ 225g ,830,55,0,60,20,70,0,0,35,5,0,90,0,25,0,0,0,0,0,360,40,400,0.28,9.91%,"8,875",18,1090,"9,674",181.60,8,189,0,12,13,18,0,54,286,212.40,0,0,0,0,0.00,137,0,11,12,15,0,43,218," 7,903 ",20.21,"1,090","8,614.3",174.10,0,0,52,16,68,199.57,19.78,972,12.30%,"1,059.5",12.30%,38.30,22.00%,0.00,0.00,se realiza estandar claro y oscuro ,7.89,REPETICION,1,3500,"2,528",CUMPLE,"8,000",-97,762,OPPFILM,BOPP SC TRANSPARENTE
21-0574,NF,5/18/26,TXNVNA096A001,16610,LAMINACION,1,CX,"NESTLE VENEZUELA, S.A.",LAMINACION IMPRESA NESTUM ARROZ 225g ,850,0,0,0,0,0,0,0,10,0,0,0,0,0,0,0,110,0,0,120,40,160,0.11,24.81%,"13,900",18,1090,"15,151",260.40,8,137,0,11,12,15,0,42,217,290.60,0,0,0,0,0.00,85,0,10,11,13,0,32,151," 8,250 ",20.02,"1,090","8,992.5",180.00,0,0,52,14,66,208.33,51.69,"5,650",68.48%,"6,158.5",68.48%,110.60,61.44%,0.00,0.00,se realiza estandar de colores,7.34,REPETICION,1,3500,"-2,150",NO CUMPLE,"5,500","2,750",0,OPPFILM,BOPP SC TRANSPARENTE
11-0138,NF,5/18/26,TMTCAV129A001,16676,LAMINACION,1,MCL,"INVERSIONES TORREFACCION DEL CAFÉ, C.A",LAMINACION IMPRESA CAFÉ AMANECER AL VACIO 250g,"2,200",50,0,110,20,0,0,0,0,0,0,0,0,0,0,0,0,0,0,180,80,260,0.18,30.72%,"17,200",18,1090,"18,748",357.00,5,100,0,0,20,0,0,75,195,385.80,0,0,0,0,0.00,70,0,0,16,0,0,33,119," 16,000 ",18.64,"1,090","17,440.0",325.00,0,0,30,46,76,200.50,61.59,"1,200",7.50%,"1,308.0",7.50%,60.80,18.71%,0.00,0.00,se culmina sin novedad,4.36,REPETICION,4,3500,"2,300",CUMPLE,"16,000",0,600,TELEPLASTIC,BOPP OCTH MATE
21-0551,NF,5/18/26,TXNVTM096A001,16677,LAMINACION,1,CX,"NESTLE VENEZUELA, S.A.",LAMINACION IMPRESA NESTUM TRIGO MIEL 225g,"2,400",80,120,120,20,0,0,0,98,0,0,65,0,0,0,0,0,0,0,503,117,620,0.43,18.87%,"27,500",18,1090,"29,975",560.00,8,250,0,15,25,20,0,72,382,645.80,0,0,0,0,0,97,0,12,15,16,0,58,198," 21,260 ",20.10,"1,090","23,173.4",465.80,0,0,153,31,184,181.71,34.29,"6,240",29.35%,"6,801.6",29.35%,180.00,38.64%,0.00,0.00,"se realizan paradas para limpiar colo negro, marron y magenta ya que las mismas presentan desgaste y generan abundante sucio en impresión",7.94,REPETICION,1,3500,"-2,740",NO CUMPLE,"22,000",-740,0,OPPFILM,BOPP SC TRANSPARENTE
11-0133,NF,5/19/26,TXTFCA078A001,16662C1,LAMINACION,1,CX,"INVERSIONES TORREFACCION DEL CAFÉ, C.A",LAMINACION IMPRESA CAFÉ  AMANECER TOSTADO GRANO 1000 g,"1,100",50,0,45,13,90,0,0,0,0,10,30,0,10,0,0,0,0,0,248,100,348,0.24,28.78%,"16,950",18,1090,"18,476",296.85,8,111,0,8,12,0,0,60,191,330.75,0,0,0,0,0,69,0,3,7,0,0,27,106," 14,581 ",17.29,"1,090","15,893.3",274.80,0,0,42,43,85,145.52,41.88,"2,369",16.25%,"2,582.2",16.25%,55.95,20.36%,0.00,0.00,"se arranca produccion a 180 m/m por golpeteo del color magenta, problemas con energia electrica genera 60 min de paradas, se rompe el material, ensucia el tambor central, en necesario volver a caibrar y registrar",5.35,REPETICION,3,3500,"1,131",CUMPLE,"15,250",-669,750,TECHNOFILM,BOPP ST MATE
11-0137,NF,5/19/26,TXTFDN078A002,16662C1,LAMINACION,1,CX,"INVERSIONES TORREFACCION DEL CAFÉ, C.A",LAMINACION IMPRESA CAFÉ DELLA NONNA TOSTADO GRANO 1000g.,"1,100",50,0,45,12,60,0,0,0,15,10,30,0,10,0,0,0,0,0,232,100,332,0.23,30.16%,"16,950",18,1090,"18,476",296.85,8,153,0,13,17,16,0,42,241,325.95,0,0,0,0,0,111,0,8,12,12,0,29,172," 14,581 ",17.29,"1,090","15,893.3",274.80,0,0,42,27,69,145.52,43.89,"2,369",16.25%,"2,582.2",16.25%,51.15,18.61%,0.00,0.00,"se arranca produccion a 180 m/m por golpeteo del color magenta, problemas con energia electrica genera 60 min de paradas, se rompe el material, ensucia el tambor central, en necesario volver a caibrar y registrar",4.34,REPETICION,3,3500,"1,131",CUMPLE,"15,250",-669,750,TECHNOFILM,BOPP ST MATE
01-6000,NF,5/19/26,TXDNTP066B001,16546-1,LAMINACION,1,CX,"DISTRIBUIDORA NACIONAL 2000, C.A.",LAMINACION IMPRESA CAFÉ ANZOATEGUI TOSTADO Y MOLIDO PREMIUM 200g,"2,200",85,0,35,20,85,50,0,0,0,0,30,0,0,0,0,0,0,0,305,250,555,0.39,45.01%,"50,250",18,690,"34,673",649.00,6,270,0,13,40,0,15,86,424,678.90,0,0,0,0,0,260,0,7,12,0,13,39,331," 47,599 ",18.77,690,"32,843.3",616.60,0,0,10,83,93,190.70,85.83,"2,651",5.57%,"1,829.2",5.57%,62.30,10.10%,0.00,0.00,"problemas de sucio color negro, ",2.83,REPETICION,1,3500,849,CUMPLE,"49,000","-1,401",0,TELEPLASTIC,BOPP OCTH MATE
01-6001,NF,5/20/26,TXDNTP066C001,16547-1,LAMINACION,1,CX,"DISTRIBUIDORA NACIONAL 2000, C.A.",LAMINACION IMPRESA CAFÉ ANZOATEGUI TOSTADO Y MOLIDO PREMIUM 500g,"1,600",30,95,50,20,20,0,0,40,0,30,0,0,0,0,0,0,0,0,285,181,466,0.32,38.79%,"42,679",18,690,"29,449",543.00,6,260,0,13,19,0,18,64,374,563.40,0,0,0,0,0,245,0,10,10,0,16,35,316," 35,680 ",18.32,690,"24,619.2",451.00,0,0,15,43,58,197.56,76.63,"6,999",19.62%,"4,829.3",19.62%,112.40,24.92%,0.00,0.00,"defecto en plancha color negro, se sacan varias muestras , se realiza plancha nueva ",2.36,REPETICION,1,3500,"-3,499",NO CUMPLE,"35,000",680,0,TELEPLASTIC,BOPP OCTH MATE
01-6138,NF,5/20/26,TXDNCG096A001,16543,LAMINACION,1,CX,"DISTRIBUIDORA NACIONAL 2000, C.A.",LAMINACION IMPRESA CAFÉ ANZOATEGUI PREMIUN GRANO 1kg ,"3,500",30,0,0,0,0,0,0,35,10,0,0,120,0,0,0,60,0,0,255,205,460,0.32,44.59%,"41,050",18,1000,"41,050",729.00,6,255,0,11,26,0,15,72,379,757.20,0,0,0,0,0,240,0,9,10,0,7,29,295," 38,300 ",18.02,"1,000","38,300.0",690.00,0,0,15,69,84,186.65,83.22,"2,750",7.18%,"2,750.0",7.18%,67.20,9.74%,0.00,0.00,"limpieza de plancha color negro y rojo, se realiza estandar de colores",2.19,REPETICION,1,3500,750,CUMPLE,"38,000",300,0,TECHNOFILM,BOPP ST MATE
01-6002,NF,5/20/26,TXDNBC070A001,16548-1,LAMINACION,1,CX,"DISTRIBUIDORA NACIONAL 2000, C.A.",LAMINACION IMPRESA BUEN CAFÉ PREMIUN 100g,"1,000",90,0,55,35,0,0,0,0,0,0,25,0,0,0,0,0,0,0,205,120,325,0.23,36.92%,"26,430",18,690,"18,237",329.00,6,240,0,24,15,26,12,24,341,352.20,0,0,0,0,0,220,0,10,9,16,9,13,277," 23,900 ",19.34,690,"16,491.0",319.00,0,0,20,44,64,199.17,73.54,"2,530",10.59%,"1,745.7",10.59%,33.20,10.41%,0.00,0.00,se cambia anilox del negro para incrementar tono,3.88,REPETICION,1,3500,970,CUMPLE,"24,000",-100,1200,TELEPLASTIC,BOPP OCTH MATE
01-6004,NF,5/20/26,TXDNBC070B001,16550-1,LAMINACION,1,CX,"DISTRIBUIDORA NACIONAL 2000, C.A.",LAMINACION IMPRESA BUEN CAFÉ PREMIUN 500g,"1,600",30,0,85,20,40,0,0,80,15,0,0,0,10,0,0,0,0,0,280,250,530,0.37,47.19%,"41,020",18,690,"28,304",508.30,6,220,0,31,13,24,16,19,323,535.50,0,0,0,0,0,198,0,9,8,10,13,9,247," 35,099 ",19.13,690,"24,218.3",463.30,0,0,22,54,76,140.28,66.20,"5,921",16.87%,"4,085.5",16.87%,72.20,15.58%,0.00,0.00,"se arranca produccion a 220 m/m pero es necesario bajar velocidad por golpeteo del color magenta, rayas en impresionbob 4 generadas por anilox, s baja  para lavar en floxowash",3.14,REPETICION,1,3500,"-2,421",NO CUMPLE,"37,500","-2,401",1100,TELEPLASTIC,BOPP OCTH MATE
01-5996,NF,5/21/26,TXDNDF066A002,16542,LAMINACION,1,CX,"DISTRIBUIDORA NACIONAL 2000, C.A.",LAMINACION IMPRESA CAFÉ ANZOATEGUI DESCAFEINADO 200g ,950,75,0,0,0,0,0,0,10,0,0,40,0,0,0,85,40,0,0,250,120,370,0.26,32.43%,"21,550",18,690,"14,870",265.60,5,205,0,0,0,0,18,100,323,295.80,0,0,0,0,0,186,0,0,0,0,15,34,235," 19,847 ",19.00,690,"13,694.4",260.20,0,0,19,69,88,165.39,53.64,"1,703",8.58%,"1,175.1",8.58%,35.60,13.68%,0.00,0.00,"Aprobacion, se arranca produccion a 200 m/m ya que a mayor velocidad falla el flujo del color verde , se realiza estandar de color",6.43,APROBACION,3,3500,"1,797",CUMPLE,"21,000","-1,153",1000,TELEPLASTIC,BOPP OCTH MATE
01-5997,NF,5/21/26,TXDNPD066C001,16541,LAMINACION,1,CX,"DISTRIBUIDORA NACIONAL 2000, C.A.",LAMINACION IMPRESA CAFÉ ANZOATEGUI PREMIUN DESCAFEINADO 500g,700,30,0,0,10,0,0,0,5,0,0,0,0,0,0,0,0,0,0,45,95,140,0.10,67.81%,"16,000",18,690,"11,040",196.00,5,186,0,0,0,0,14,71,271,216.60,0,0,0,0,0,170,0,0,0,0,10,33,213," 15,400 ",19.48,690,"10,626.0",207.00,0,0,16,42,58,162.45,110.16,600,3.90%,414.0,3.90%,9.60,4.64%,0.00,0.00,se culmina sin novedad,5.46,REPETICION,3,3500,"2,900",CUMPLE,"13,500","1,900",0,TELEPLASTIC,BOPP OCTH MATE
01-6132,NF,5/21/26,TXAJBC031A001,16678-1,LAMINACION,1,CX,"AJEVEN, C.A.",ETIQUETA LAMINADA IMPRESA BIG COLA 2 L,650,50,0,20,20,0,0,0,20,20,20,15,0,0,0,0,0,0,0,165,199,364,0.25,54.70%,"44,015",14,1090,"47,976",632.00,3,370,0,0,0,0,169,15,554,738.50,0,0,0,0,0,196,0,0,0,0,105,14,315," 35,422 ",15.91,"1,090","38,610.0",614.30,0,0,174,65,239,177.82,97.26,"8,593",24.26%,"9,366.4",24.26%,124.20,20.22%,0.00,0.00,se arranc produccion a 250 m/m pero es necesario bajar velocidad a 200m/m por falla de flujo ,6.19,REPETICION,0,3500,"-5,093",NO CUMPLE,"40,000","-4,578",0,OPPFILM,BOPP SC TRANSPARENTE
01-6136,NF,5/21/26,TXPCGN023B001,16682,CORTE,1,CX,"PEPSI-COLA VENEZUELA, C.A. ","ETIQUETA IMPRESA GOLDEN NARANJA 1,5L",500,95,0,55,20,0,0,0,20,0,0,60,0,0,0,0,0,0,0,250,130,380,0.26,34.25%,"24,572",21,1010,"24,818",549.50,7,0,32,0,0,0,11,202,245,573.50,0,0,0,0,0,0,21,0,0,0,8,136,165," 23,653 ",22.44,"1,010","23,889.5",536.00,0,0,0,80,80,181.67,62.21,919,3.89%,928.2,3.89%,37.50,7.00%,0.00,0.00,se culmina sin novedad,3.35,REPETICION,5,3500,"2,581",CUMPLE,"23,600",53,0,OPPFILM,BOPP PC PERLADO
01-6127,NF,5/22/26,TXPCPI023A001,16685,CORTE,1,CX,"PEPSI-COLA VENEZUELA, C.A. ",ETIQUETA IMPRESA PEPSI PROMOCION ICONOS 2 L,"1,700",95,0,55,0,30,0,0,50,10,20,20,0,0,0,440,0,0,0,720,460,"1,180",0.82,38.99%,"86,400",21,930,"80,352","1,818.80",6,0,336,0,0,171,37,528,"1,072","1,903.70",0,0,0,0,0,0,240,0,0,153,29,367,789," 79,200 ",23.74,930,"73,656.0",1748.60,0,0,0,283,283,172.10,67.11,"7,200",9.09%,"6,696.0",9.09%,155.10,8.87%,0.00,0.00,"Aprobacion, se realiza plancha nueva de color azul fondo para dar contraste que se ve en el arte, se ven los ptos demasiados cargado por lo que se monta la plancha anterior se aprueba y arranca produccion. ",3.84,REPETICION,3,3500,"-3,700",NO CUMPLE,"81,000","-1,800",0,TELEPLASTIC,BOPP POCT PERLADO 
01-6129,NF,5/22/26,TXPCPI023C001,16674,CORTE,1,CX,"PEPSI-COLA VENEZUELA, C.A. ",ETIQUETA IMPRESA PEPSI PROMOCION ICONOS 2 L,"1,050",0,0,0,0,30,0,0,55,0,0,45,0,0,0,0,0,0,0,130,285,415,0.29,68.67%,"51,620",21,930,"48,007","1,084.10",6,0,240,0,0,153,29,367,789,"1,135.40",0,0,0,0,0,0,182,0,0,142,25,269,618," 49,294 ",22.76,930,"45,843.4",1043.40,0,0,0,171,171,172.96,118.78,"2,326",4.72%,"2,163.2",4.72%,92.00,8.82%,0.00,0.00,se limpian planchas de color negro. Se culmina sin novedad ,3.73,REPETICION,0,3500,"1,174",CUMPLE,"50,500","-1,206",0,TELEPLASTIC,BOPP POCT PERLADO 
01-6130,NF,5/23/26,TXPCPI023C001,16683,CORTE,1,CX,"PEPSI-COLA VENEZUELA, C.A. ",ETIQUETA IMPRESA PEPSI PROMOCION ICONOS 2 L,"1,100",0,0,0,0,210,0,0,25,0,0,0,0,0,0,0,0,0,0,235,310,545,0.38,56.90%,"58,100",21,930,"54,033","1,255.20",6,0,182,0,0,142,25,269,618,"1,311.90",0,0,0,0,0,0,118,0,0,130,20,161,429," 52,989 ",23.61,930,"49,279.8",1163.50,0,0,0,189,189,170.82,97.19,"5,111",9.65%,"4,753.2",9.65%,148.40,12.75%,0.00,0.00,vacio en impresión azulmfonod se realizan varias prueba se estabiliza y se culmina sin mas novedad,3.84,REPETICION,0,3500,"-1,611",NO CUMPLE,"54,000","-1,011",0,TELEPLASTIC,BOPP POCT PERLADO 
01-6131,NF,5/23/26,TXPCPI023B001,16684,CORTE,1,CX,"PEPSI-COLA VENEZUELA, C.A. ","ETIQUETA IMPRESA  PEPSI PROMOCION ICONOS 1,5 L","1,400",40,0,0,0,0,0,0,50,10,0,35,0,0,0,60,0,0,0,195,335,530,0.37,63.24%,"73,805",21,930,"68,639","1,441.10",6,0,328,0,0,130,20,347,825,"1,512.20",0,0,0,0,0,0,246,0,0,103,16,223,588," 68,000 ",22.04,930,"63,240.0",1393.60,0,0,0,237,237,202.74,128.21,"5,805",8.54%,"5,398.6",8.54%,118.60,8.51%,0.00,0.00,"problemas de sucio color negro, se limpia plancha, se cambia racla. ",3.75,APROBACION,3,3500,"-2,305",NO CUMPLE,"68,000",0,0,TELEPLASTIC,BOPP POCT PERLADO 
01-6128,NF,5/23/26,TXPCPI023B001,16675,CORTE,1,CX,"PEPSI-COLA VENEZUELA, C.A. ","ETIQUETA IMPRESA  PEPSI PROMOCION ICONOS 1,5 L","2,200",0,0,0,0,0,0,0,55,0,0,15,0,0,0,0,0,0,0,70,586,656,0.46,89.33%,"109,466",21,930,"101,803","2,266.80",6,0,251,0,0,103,16,223,593,"2,377.50",0,0,0,0,0,0,124,0,0,60,9,31,224," 105,370 ",23.29,930,"97,994.1",2282.00,0,0,0,369,369,179.75,160.58,"4,096",3.89%,"3,809.3",3.89%,95.50,4.18%,0.00,0.00,"problemas de sucio color negro, se limpia plancha, se cambia racla. ",3.77,REPETICION,0,3500,-596,NO CUMPLE,"107,000","-1,630",0,TELEPLASTIC,BOPP POCT PERLADO 
11-0131,NF,5/24/26,TXTFCA050A001,16664,LAMINACION,1,CX,"INVERSIONES TORREFACCION DEL CAFÉ, C.A",LAMINACION IMPRESA CAFÉ AMANECER MOLIDO GOURMET 200g,"8,550",95,220,100,20,80,0,0,107,35,0,190,0,20,325,0,0,0,0,"1,192",889,"2,081",1.45,42.73%,"161,805",18,1090,"176,367","3,202.90",6,770,0,0,32,0,0,607,"1,409","3,635.70",0,0,0,0,0,148,0,0,16,0,0,217,381," 157,040 ",20.01,"1,090","171,173.6",3424.90,0,0,622,406,1028,176.61,75.46,"4,765",3.03%,"5,193.9",3.03%,210.80,6.15%,0.00,0.00,"golpeteo color beige se ajustan condiciones, se arranca produccion a 200 m/m ya que a mayor velocidad falla color beige, esta situacion genera 2000 m de dsp, franjas y porosidad en el color marron en todos los ejemplares, probelas de eneria electrica daña plancha color marrn pr lo que es necesario volver a grabar, ",6.01,REPETICION,5,3500,"-1,265",NO CUMPLE,"157,000",40,1350,TELEPLASTIC,BOPP OCTH MATE
11-0132,NF,5/25/26,TXTFCA050B001,16663,LAMINACION,1,CX,"INVERSIONES TORREFACCION DEL CAFÉ, C.A",LAMINACION IMPRESA CAFÉ AMANECER MOLIDO GOURMET 500g,"2,400",45,85,0,150,0,0,0,50,20,0,0,0,0,0,0,0,0,0,350,415,765,0.53,54.26%,"67,250",18,760,"51,110",931.00,6,348,0,0,22,0,0,498,868,"1,035.00",0,0,0,0,0,230,0,0,12,0,0,358,600," 65,769 ",19.55,760,"49,984.4",977.00,0,0,118,150,268,158.40,85.95,"1,481",2.25%,"1,125.6",2.25%,58.00,5.94%,0.00,0.00,"Problemas con materia prima se observan vacuolas se cambia bobinas en dos ocasiones, se cambia de material a 760*20, sucio color marron, produccion sale incompleta por falta de material",5.36,REPETICION,5,3500,"2,019",CUMPLE,"69,000","-3,231",923,TELEPLASTIC,BOPP OCTH MATE
11-0136,NF,5/26/26,TXTFDN050B001,16668,LAMINACION,1,CX,"INVERSIONES TORREFACCION DEL CAFÉ, C.A",LAMINACION IMPRESA CAFÉ DELLA NONNA MOLIDO GOURMET 500 g.,"1,100",45,135,125,20,0,0,0,0,0,0,15,0,25,0,0,0,0,0,365,160,525,0.36,30.50%,"38,400",18,710,"27,264",496.00,6,230,0,0,16,0,0,91,337,545.80,0,0,0,0,0,155,0,0,14,0,0,52,221," 32,600 ",19.57,710,"23,146.0",453.00,0,0,75,41,116,203.50,62.07,"5,800",17.79%,"4,118.0",17.79%,92.80,20.49%,0.00,0.00,"se realizan varios ajustes de los colores marron vino y vinotinto, porosidad color marron vino, se arranca con notificacion de falla por esta situacion, se realiza plancha nueva ",5.01,REPETICION,4,3500,"-2,300",NO CUMPLE,"32,500",100,0,TELEPLASTIC,BOPP OCTH MATE
11-0134,NF,5/26/26,TXTFDN036C001,16666,LAMINACION,1,CX,"INVERSIONES TORREFACCION DEL CAFÉ, C.A",LAMINACION IMPRESA CAFÉ DELLA NONNA MOLIDO GOURMET 100g,"2,200",30,20,20,10,0,0,0,15,10,0,0,0,0,0,0,0,0,0,105,271,376,0.26,72.04%,"59,510",18,1090,"64,866","1,148.60",6,355,0,0,14,0,0,153,522,"1,260.90",0,0,0,0,0,185,0,0,12,0,0,64,261," 57,556 ",18.90,"1,090","62,736.0",1186.00,0,0,170,91,261,212.70,153.24,"1,954",3.39%,"2,129.9",3.39%,74.90,6.32%,0.00,0.00,se ajustan tons de color marron vinotinto y vinotinto,4.16,REPETICION,4,3500,"1,546",CUMPLE,"57,500",56,800,TECHNOFILM,BOPP ST MATE
11-0135,NF,5/26/26,TXTFDN050A001,16667,LAMINACION,1,CX,"INVERSIONES TORREFACCION DEL CAFÉ, C.A",LAMINACION IMPRESA CAFÉ DELLA NONNA MOLIDO GOURMET 200 g.,"2,800",35,10,20,20,0,0,0,45,0,0,30,0,0,0,0,0,0,0,160,316,476,0.33,66.36%,"54,171",18,1090,"59,046","1,062.00",6,385,0,0,17,0,0,147,549,"1,186.70",0,0,0,0,0,195,0,0,13,0,0,52,260," 52,400 ",18.91,"1,090","57,116.0",1080.00,0,0,190,99,289,166.03,110.18,"1,771",3.38%,"1,930.4",3.38%,106.70,9.88%,0.00,0.00,dirante la bob 1 se compensan registros del color negro vinotinto u marron vino,5.06,REPETICION,4,3500,"1,729",CUMPLE,"52,400",0,910,TECHNOFILM,BOPP ST MATE
21-0585,NF,5/27/26,TXSPMC040A001,16687,LAMINACION,1,CX,C.A. SUCESORA DE JOSE PUIG & CIA,LAMINACION IMPRESA MARILU CHOCOLATE 36g ,"2,800",80,0,45,20,75,0,0,15,0,0,20,0,30,0,275,70,0,0,630,341,971,0.67,35.11%,"73,500",18,1090,"80,115","1,491.00",6,395,0,27,28,0,14,132,596,"1,657.60",0,0,0,0,0,165,0,9,6,0,3,11,194," 68,600 ",20.10,"1,090","74,774.0",1503.00,0,0,230,172,402,201.29,70.66,"4,900",7.14%,"5,341.0",7.14%,154.60,10.29%,0.00,0.00,"Aprobacion, se sacan varias muestras hasta lograr el tono requerido por el cliente, se arranca a 300 m/m luego de 400 m se observa tono de la galleta mas fuerte y fondo mas bajo, luego de la 1era bobina vuelve a bajar el tono del fondo por anilox tapado, se cambia anilox, problemas por fallo de disolvente en varias  ocasiones",5.38,APROBACION,2,3500,"-1,400",NO CUMPLE,"68,000",600,995,OPPFILM,BOPP SC TRANSPARENTE
01-5940,NF,5/27/26,TMCPAM080A001,16483-2,LAMINACION,1,MCL,CENTRAL EL PALMAR S.A.,LAMINACION IMPRESA AZUCAR MORENA 1 Kg,310,45,20,80,20,130,0,0,0,0,0,0,0,0,0,0,0,30,0,325,50,375,0.26,13.43%,"9,188",22,790,"7,259",170.40,3,245,0,0,0,0,0,74,319,181.20,0,0,0,0,0,227,0,0,0,0,0,68,295," 5,000 ",24.30,790,"3,950.0",96.00,0,0,18,6,24,99.21,13.32,"4,188",83.76%,"3,308.5",83.76%,85.20,88.75%,0.00,0.00,"copiado del color marron sobre si mismo se recalibra en varias ocasiones, se baja produccion, se baja trabajo para montar aprobacion de first",6.08,REPETICION,2,3500,-688,NO CUMPLE,"5,000",0,0,TELEPLASTIC,BOPP OCTS TRANSPARENTE
01-6087,NF,5/28/26,TXAJFP031A001,16625,LAMINACION,1,CX,"AJEVEN, C.A.",ETIQUETA LAMINADA IMPRESA FIRST PIÑA 2L,790,100,0,0,20,0,0,0,0,0,0,0,0,0,0,100,25,0,0,245,136,381,0.26,35.63%,"27,000",14,1090,"29,430",407.00,4,320,0,0,43,0,0,26,389,470.30,0,0,0,0,0,230,0,0,2,0,0,6,238," 24,500 ",15.92,"1,090","26,705.0",425.20,0,0,90,61,151,180.68,64.37,"2,500",10.20%,"2,725.0",10.20%,45.10,10.61%,0.00,0.00,"Aprobacion, se compensan registros, se arranca produccion a 200 m/m por falla de flujo",5.65,APROBACION,2,3500,"1,000",CUMPLE,"24,000",500,0,OPPFILM,BOPP SC TRANSPARENTE
01-5940,NF,5/28/26,TMCPAM080A001,16483-2,LAMINACION,1,MCL,CENTRAL EL PALMAR S.A.,LAMINACION IMPRESA AZUCAR MORENA 1 Kg,"1,260",55,0,50,20,0,0,0,20,0,0,0,0,0,0,0,0,0,0,145,110,255,0.18,43.23%,"20,500",22,790,"16,195",378.10,3,227,0,0,0,0,0,68,295,416.40,0,0,0,0,0,166,0,0,0,0,0,42,208," 19,997 ",24.18,790,"15,797.6",382.00,0,0,61,26,87,181.13,78.30,503,2.52%,397.4,2.52%,34.40,9.01%,0.00,0.00,se arranca produccion a 180m/m pero se baja velocidad a 170 m/m ya que al final de la bob 1 se observa leve copiado del beige,5.51,REPETICION,2,3500,"2,997",CUMPLE,"20,000",-3,482,TELEPLASTIC,BOPP OCTS TRANSPARENTE
01-5940,NF,5/28/26,TMCPAM080A001,16483-3,LAMINACION,0,MCL,CENTRAL EL PALMAR S.A.,LAMINACION IMPRESA AZUCAR MORENA 1 Kg,884,0,0,0,0,0,0,0,10,0,0,0,0,0,0,0,0,,0,10,90,100,0.07,90.00%,"14,500",22,790,"11,455",260.40,3,166,0,0,0,0,0,42,208,287.30,0,0,0,0,0,123,0,0,0,0,0,24,147," 14,000 ",24.37,790,"11,060.0",269.50,0,0,43,18,61,155.56,140.00,500,3.57%,395.0,3.57%,17.80,6.60%,0.00,0.00,se culmina sin novedad,5.52,CONTINUACION,0,3500,"3,000",CUMPLE,"14,000",0,0,TELEPLASTIC,BOPP OCTS TRANSPARENTE
000pr,NF,5/28/26,000pr,PR-3873,PRUEBA,0,CX,PRUEBAS,PRUEBAS VARIAS,0,0,0,0,10,0,0,0,0,0,0,0,20,0,0,0,0,0,0,30,10,40,0.03,24.24%,0,0,0,0,0.00,0,0,0,0,0,0,0,0,0,0,0,0,0,0,0,0,0,0,0,0,0,0,0,0,0,0,0,0,0,0,0,0,0,0.00,0.00,0,0.00%,0.0,0.00%,0.00,100.00%,0.00,0.00,Se realiza prueba de de sachet ketchup salsabor 9g,0.00,PRUEBA,0,0,0,#N/A,0,0,0,FLEXAM,FLEX PET TRANSPARENTE
01-6142,NF,5/28/26,TMAPAL121A001,16690,LAMINACION,1,MCL,"ALIMENTOS POLAR COMERCIAL, C.A.",ALUMINIO LAMINADO IMPRESO MAVESA 500g,"12,000",125,80,30,20,75,0,0,115,15,20,40,0,0,0,0,0,0,0,520,705,"1,225",0.85,57.55%,"114,700",102,920,"105,524","10,840.00",7,440,16,27,0,0,0,341,824,"11,055.70",0,0,0,0,0,185,9,14,0,0,0,67,275," 111,790 ",104.19,920,"102,846.8",10716.00,0,0,255,294,549,158.57,91.26,"2,910",2.60%,"2,677.2",2.60%,339.70,3.17%,0.00,0.00,"se realiza pancha delamarillo por incremento de trama en el color amarillo, se realiza produccion a 150 m/m",5.34,REPETICION,2,3500,590,CUMPLE,"111,000",790,0,QUIMATIC.SPA.IMP,ALUMINIO
000lm,NF,5/29/26,000LM,000lm,LIMPIEZA,0,CX,LIMPIEZA GENERAL DE MAQUINA,LIMPIEZA GENERAL DE MAQUINA,0,0,0,0,0,0,480,0,0,0,0,0,0,0,0,0,0,0,0,480,0,480,0.33,0.00%,0,0,0,0,0,0,0,0,0,0,0,0,0,0,0,0,0,0,0,0,0,0,0,0,0,0,0,0,0,0,0,0,0,0,0,0,0,0,0,0,0,0,0,0,0,0,0,0,limpieza general de maquina,0.00,LIMPIEZA,0,0,0,0,0,0,0,,
,,,,,,,,,,,,,,,,,,,,,,,,,,,,,,,0,0.00,0.00%,,,,0,,,,,,,,,,0,,,,,,,,,,,,,,,,,,,,,,0,0,0,,,,,,,,,,,,,,,,,,,0,,,
,,,,,,,,,,,,,,,,,,,,,,,,,,,,,,,,,,,,,,,,,,,,,,,,,,,,,,,,,,,,,,,,,,,,,,,,,,,,,,,,,,,,,,,,,,0,,,
,,,,,,,,,,,,,,,,,,,,,,,,,,,,,,,,,,,,,,,,,,,,,,,,,,,,,,,,,,,,,,,,,,,,,,,,,,,,,,,,,,,,,,,,,,,,,
NF= NOVOFLEX FINAL,,,,Numeros de trabajos=,,50,,,,"98,992","2,970","1,285","2,670",950,"3,140","1,210",30,"1,885",330,206,"1,960",335,275,325,"1,455",565,30,60,"19,681","11,999","31,680",22.00,37.88%,"2,220,822.00",,,"2,148,745","62,110",315,,,,,,,,,"65,483.10",0,0,0,0,0,,,,,,,,"13,163","2,018,364.00",,,"1,951,778.08","59,618",0,0,"3,543","5,338","8,881",168.21,67.11,"202,458",10.03%,"196,967",10.09%,"5,865",9.84%,0,0,,4.55,,,,,,"2,053,600"," -35,236 ",,,
NP= NOVOFLEX PROCESO,,,,,,,,,,% EFICIENCIA,9.38%,4.06%,8.43%,3.00%,9.91%,3.82%,0.09%,5.95%,1.04%,0.65%,6.19%,1.06%,0.87%,1.03%,4.59%,1.78%,0.09%,0.19%,62.12%,37.88%,31680,22,<= Tiempo dedicado,,,,,,,,,,,,,,,,,,,,,,,,,,,,,,,,,,,,,,,,,,, ,,,,,,,,,,,,,,,,,
Nota: ,,,,,,,,,,Horas,49.50,21.42,44.50,15.83,52.33,20.16,0.50,31.42,5.50,3.43,32.67,5.58,4.58,5.42,24.25,9.42,0.50,1.00,328.01,199.99,528.00,0.00,0 Min,,,,,,,,,,,,,,,,,,,,,,,,,,,,Meta,"4,200,000",,,,,,,,,,,,,,,Meta Desperdicio,,8%,,,,TRABAJOS QUE NO CUMPLEN CON EL ESTANDAR EN METROS,,,,23,,,,,,
EL PROMEDIO DE METROS EN TERMINOS DE EFICIENCIA  POR TURNO EN FUNCION AL TIEMPO DISPONIBLE ES DE,,,,,,,,,30581.27 ML,Dias,2.06,0.89,1.85,0.66,2.18,0.84,0.02,1.31,0.23,0.14,1.36,0.23,0.19,0.23,1.01,0.39,0.02,0.04,13.67,8.33,22.00,DIAS POR TRABAJAR,,,,,,,,,,,,,,,,,,,,,,,,,,,,,,,,,,,,,,,,,,,,,,,,,,,TRABAJOS CUMPLEN CON EL ESTANDAR EN METROS,,,,27,,,,,,
EL PROMEDIO DE METROS EN TERMINOS DE EFICIENCIA  POR TURNO EN FUNCION AL TIEMPO DE TRABAJO ES DE ,,,,,,,,,84098.50 ML,,,,,,,,,,,,,,,,,,,,,,,,,,,,,,,,,,,,,,,,,,,,,,,,,,,,,,,,,,,,,,,,,,,,,,,,,,,,,,,,,,,,
EL PROMEDIO DE HORAS DE PREPARACION UTILIZADAS BASADO EN LA CANTIDAD DE TRABAJOS MONTADOS EN MAQUINA ES DE 0.99 horas,,,,,,,,,,,,,,,,,,,,,,,,,,,,,,,min,Hrs,Dias,,,,,,,,,,,,,,,,,,,,,,,,,,,,,,,,,,,,,,,,,,,,,,,,,,,,,,,,,,,,
,,,,,,,,,,,,,,,,,,,,,,,,,,,,Tiempo Total de Limpieza general de maquina,,,"1,210",20.16,0.84,,,,,,,,,,,,,,,,,,,,,,,,,,,,,,,,,,,,,,,,,,,,,,,,,,,,,,,,,,,,
,,,PROMEDIO DE TIEMPO DE PREPARACION POR TRABAJO =>,,,,,59 Min,,,,,,,suspendidos,,,,,,,,,,,,,,,,,,,,,,,,,,,,,,,,,,,,,,,,,,,,,,,,,,,,,,,,,,,,,,,,,,,,,,,,,,,,,,
,,,,,,,,,,Numero de aprobaciones en el mes =>,,,,7,0,Trabajos suspendidos en el mes =>,,,,,,2,,,,,,Tiempo Total de Parada por Produccion,,,"11,306",188.43,7.85,,,,,,,,,,,,,,,,,,,,,,,,,,,,,,,,,,,,,,,,,,,,,,,,,,,,,,,,,,,,
,,,,,,,,,,Trabajos Repetidos en el mes =>,,,,43,2,,,,,,,,,,,,,,,,,,,,,,,,,,,,,,,,,,,,,,,,,,,,,,,,,,,,,,,,,,,,,,,,,,,,,,,,,,,,,,
,,,,,,,,,,,,,,,,,,,,,,,,,,,,Tiempo Total de Parada por Proceso de Apoyo,,,"7,105",118.42,4.93,,,,,,,,,,,,,,,,,,,,,,,,,,,,,,,,,,,,,,,,,,,,,,,,,,,,,,,,,,,,
,,,,,,,,,,,,,,,,,,,,,,,,,,,,Tiempo Total de Parada por Falta de Pedido,,,60,1.00,0.04,,,,,,,,,,,,,,,,,,,,,,,,,,,,,,,,,,,,,,,,,,,,,,,,,,,,,,,,,,,,
,,,,,,,,,,Estandar de Color,,,,Min,,,,,,,,,,,,,,Horas TRABAJADAS,,,"11,999",199.99,8.33,,,,,,,,,,,,,,,,,,,,,,,,,,,,,,,,,,,,,,,,,,,,,,,,,,,,,,,,,,,,
,,,,,,,,,,*Cantidad de trabajos con estandar,,,,9,,,,,,,,,,,,,,,TOTAL,,"31,680",528,22.00,,,,,,,,,,,,,,,,,,,,,,,,,,,,,,,,,,,,,,,,,,,,,,,,,,,,,,,,,,,,
,,,,,,,,,,* Tiempo total invertido para Estandar,,,,565,,,,,,,,,,,,,,,,,,,,,,,,,,,,,,,,,,,,,,,,,,,,,,,,,,,,,,,,,,,,,,,,,,,,,,,,,,,,,,,
,,,,,,,,,,,meta de mes,,,1.70%,,,,,,,,,,,,,,,,,,,,,,,,,,,,,,,,,,,,,,,,,,,,,,,,,,,,,,,,,,,,,,,,,,,,,,,,,,,,,,,
,,,,,,,,,,,% del mes,,,1.78%,,,,,,,,,,,,,,,,,,,,,,,,,,,,,,,,,,,,,,,,,,,,,,,,,,,,,,,,,,,,,,,,,,,,,,,,,,,,,,,